file	target_res	bucket	tags
CLIP-0001.mov	1080	VERY_HIGH	
CLIP-0002.mov	1080	VERY_HIGH	blue
CLIP-0003.mov	1080	VERY_HIGH	blue
CLIP-0004.mov	1080	VERY_HIGH	blue
CLIP-0005.mov	1080	VERY_HIGH	blue
CLIP-0006.mov	1080	VERY_HIGH	blue
CLIP-0007.mov	1080	VERY_HIGH	blue
CLIP-0008.mov	1080	VERY_HIGH	blue
CLIP-0009.mov	1080	VERY_HIGH	blue
CLIP-0010.mov	1080	VERY_HIGH	blue
CLIP-0011.mov	1080	VERY_HIGH	blue
CLIP-0012.mov	1080	VERY_HIGH	blue
CLIP-0013.mov	1080	VERY_HIGH	blue
CLIP-0014.mov	1080	VERY_HIGH	blue
CLIP-0015.mov	360	LOW	orange
CLIP-0016.mov	1080	VERY_HIGH	blue
CLIP-0017.mov	1080	VERY_HIGH	blue
CLIP-0018.mov	720	HIGH	green
CLIP-0019.mov	360	LOW	orange
CLIP-0020.mov	1080	VERY_HIGH	blue
CLIP-0021.mov	360	LOW	orange
CLIP-0022.mov	720	HIGH	green
CLIP-0023.mov	360	LOW	orange
CLIP-0024.mov	360	LOW	orange
CLIP-0025.mov	240	VERY_LOW	red
CLIP-0026.mov	240	VERY_LOW	red
CLIP-0027.mov	360	LOW	orange
CLIP-0028.mov	240	VERY_LOW	red
CLIP-0029.mov	480	MED	yellow
CLIP-0030.mov	720	HIGH	green
CLIP-0031.mov	360	LOW	orange
CLIP-0032.mov	1080	VERY_HIGH	blue
CLIP-0033.mov	720	HIGH	green
CLIP-0034.mov	240	VERY_LOW	red
CLIP-0035.mov	360	LOW	orange
CLIP-0036.mov	720	HIGH	green
CLIP-0037.mov	360	LOW	orange
CLIP-0038.mov	360	LOW	orange
CLIP-0039.mov	1080	VERY_HIGH	blue
CLIP-0040.mov	1080	VERY_HIGH	blue
CLIP-0041.mov	1080	VERY_HIGH	blue
CLIP-0042.mov	360	LOW	orange
CLIP-0043.mov	360	LOW	orange
CLIP-0044.mov	1080	VERY_HIGH	blue
CLIP-0045.mov	360	LOW	orange
CLIP-0046.mov	1080	VERY_HIGH	blue
CLIP-0047.mov	360	LOW	orange
CLIP-0048.mov	360	LOW	orange
CLIP-0049.mov	240	VERY_LOW	red
CLIP-0050.mov	1080	VERY_HIGH	blue
CLIP-0051.mov	360	LOW	orange
CLIP-0052.mov	1080	VERY_HIGH	blue
CLIP-0053.mov	360	LOW	orange
CLIP-0054.mov	240	VERY_LOW	red
CLIP-0055.mov	360	LOW	orange
CLIP-0056.mov	360	LOW	orange
CLIP-0057.mov	720	HIGH	green
CLIP-0058.mov	480	MED	yellow
CLIP-0059.mov	1080	VERY_HIGH	blue
CLIP-0060.mov	360	LOW	orange
CLIP-0061.mov	480	MED	yellow
CLIP-0062.mov	480	MED	yellow
CLIP-0063.mov	480	MED	yellow
CLIP-0064.mov	360	LOW	orange
CLIP-0065.mov	360	LOW	orange
CLIP-0066.mov	1080	VERY_HIGH	blue
CLIP-0067.mov	240	VERY_LOW	red
CLIP-0068.mov	1080	VERY_HIGH	blue
CLIP-0069.mov	240	VERY_LOW	red
CLIP-0070.mov	240	VERY_LOW	red
CLIP-0071.mov	480	MED	yellow
CLIP-0072.mov	240	VERY_LOW	red
CLIP-0073.mov	360	LOW	orange
CLIP-0074.mov	240	VERY_LOW	red
CLIP-0075.mov	360	LOW	orange
CLIP-0076.mov	360	LOW	orange
CLIP-0077.mov	240	VERY_LOW	red
CLIP-0078.mov	360	LOW	orange
CLIP-0079.mov	1080	VERY_HIGH	blue
CLIP-0080.mov	360	LOW	orange
CLIP-0081.mov	360	LOW	orange
CLIP-0082.mov	360	LOW	orange
CLIP-0083.mov	240	VERY_LOW	red
CLIP-0084.mov	240	VERY_LOW	red
CLIP-0085.mov	240	VERY_LOW	red
CLIP-0086.mov	240	VERY_LOW	red
CLIP-0087.mov	720	HIGH	green
CLIP-0088.mov	240	VERY_LOW	red
CLIP-0089.mov	720	HIGH	green
CLIP-0090.mov	240	VERY_LOW	red
CLIP-0091.mov	1080	VERY_HIGH	blue
CLIP-0092.mov	360	LOW	orange
CLIP-0093.mov	720,1080	HIGH	blue,green
CLIP-0094.mov	480	MED	yellow
CLIP-0095.mov	480	MED	yellow
CLIP-0096.mov	240	VERY_LOW	red
CLIP-0097.mov	240	VERY_LOW	red
CLIP-0098.mov	1080	VERY_HIGH	blue
CLIP-0099.mov	240	VERY_LOW	red
CLIP-0100.mov	240	VERY_LOW	red
CLIP-0101.mov	240	VERY_LOW	red
CLIP-0102.mov	1080	VERY_HIGH	blue
CLIP-0103.mov	1080	VERY_HIGH	blue
CLIP-0104.mov	360	LOW	orange
CLIP-0105.mov	240	VERY_LOW	red
CLIP-0106.mov	240	VERY_LOW	red
CLIP-0107.mov	240	VERY_LOW	red
CLIP-0108.mov	1080	VERY_HIGH	blue
CLIP-0109.mov	240	VERY_LOW	red
CLIP-0110.mov	240	VERY_LOW	red
CLIP-0111.mov	720	HIGH	green
CLIP-0112.mov	720	HIGH	green
CLIP-0113.mov	240	VERY_LOW	red
CLIP-0114.mov	720	HIGH	green
CLIP-0115.mov	240	VERY_LOW	red
CLIP-0116.mov	240	VERY_LOW	red
CLIP-0117.mov	1080	VERY_HIGH	blue
CLIP-0118.mov	480	MED	yellow
CLIP-0119.mov	1080	VERY_HIGH	blue
CLIP-0120.mov	1080	VERY_HIGH	blue
CLIP-0121.mov	480	MED	yellow
CLIP-0122.mov	480	MED	yellow
CLIP-0123.mov	1080	VERY_HIGH	blue
CLIP-0124.mov	240	VERY_LOW	red
CLIP-0125.mov	240	VERY_LOW	red
CLIP-0126.mov	360	LOW	orange
CLIP-0127.mov	240	VERY_LOW	red
CLIP-0128.mov	360	LOW	orange
CLIP-0129.mov	360	LOW	orange
CLIP-0130.mov	360	LOW	orange
CLIP-0131.mov	1080	VERY_HIGH	blue
CLIP-0132.mov	360	LOW	orange
CLIP-0133.mov	360	LOW	orange
CLIP-0134.mov	1080	VERY_HIGH	blue
CLIP-0135.mov	480	MED	yellow
CLIP-0136.mov	240	VERY_LOW	red
CLIP-0137.mov	1080	VERY_HIGH	blue
CLIP-0138.mov	240	VERY_LOW	red
CLIP-0139.mov	1080	VERY_HIGH	blue
CLIP-0140.mov	360	LOW	orange
CLIP-0141.mov	720	HIGH	green
CLIP-0142.mov	1080	VERY_HIGH	blue
CLIP-0143.mov	1080	VERY_HIGH	blue
CLIP-0144.mov	1080	VERY_HIGH	blue
CLIP-0145.mov	1080	VERY_HIGH	blue
CLIP-0146.mov	360	LOW	orange
CLIP-0147.mov	480	MED	yellow
CLIP-0148.mov	360	LOW	orange
CLIP-0149.mov	480	MED	yellow
CLIP-0150.mov	480	MED	yellow
CLIP-0151.mov	480	MED	yellow
CLIP-0152.mov	480	MED	yellow
CLIP-0153.mov	480	MED	yellow
CLIP-0154.mov	480	MED	yellow
CLIP-0155.mov	480	MED	yellow
CLIP-0156.mov	480	MED	yellow
CLIP-0157.mov	480	MED	yellow
CLIP-0158.mov	480	MED	yellow
CLIP-0159.mov	480	MED	yellow
CLIP-0160.mov	480	MED	yellow
CLIP-0161.mov	480	MED	yellow
CLIP-0162.mov	480	MED	yellow
CLIP-0163.mov	480	MED	yellow
CLIP-0164.mov	480	MED	yellow
CLIP-0165.mov	360	LOW	orange
CLIP-0166.mov	480	MED	yellow
CLIP-0167.mov	480	MED	yellow
CLIP-0168.mov	360	LOW	orange
CLIP-0169.mov	360	LOW	orange
CLIP-0170.mov	480	MED	yellow
CLIP-0171.mov	480	MED	yellow
CLIP-0172.mov	480	MED	yellow
CLIP-0173.mov	480	MED	yellow
CLIP-0174.mov	480	MED	yellow
CLIP-0175.mov	480	MED	yellow
CLIP-0176.mov	480	MED	yellow
CLIP-0177.mov	360	LOW	orange
CLIP-0178.mov	480	MED	yellow
CLIP-0179.mov	360	LOW	orange
CLIP-0180.mov	360	LOW	orange
CLIP-0181.mov	360	LOW	orange
CLIP-0182.mov	480	MED	yellow
CLIP-0183.mov	480	MED	yellow
CLIP-0184.mov	480	MED	yellow
CLIP-0185.mov	240	VERY_LOW	red
CLIP-0186.mov	240	VERY_LOW	red
CLIP-0187.mov	480	MED	yellow
CLIP-0188.mov	480	MED	yellow
CLIP-0189.mov	240	VERY_LOW	red
CLIP-0190.mov	480	MED	yellow
CLIP-0191.mov	480	MED	yellow
CLIP-0192.mov	240	VERY_LOW	red
CLIP-0193.mov	720	HIGH	green
CLIP-0194.mov	1080	VERY_HIGH	blue
CLIP-0195.mov	1080	VERY_HIGH	blue
CLIP-0196.mov	1080	VERY_HIGH	blue
CLIP-0197.mov	1080	VERY_HIGH	blue
CLIP-0198.mov	240	VERY_LOW	red
CLIP-0199.mov	240	VERY_LOW	red
CLIP-0200.mov	720	HIGH	green
CLIP-0201.mov	240	VERY_LOW	red
CLIP-0202.mov	240	VERY_LOW	red
CLIP-0203.mov	240	VERY_LOW	red
CLIP-0204.mov	720	HIGH	green
CLIP-0205.mov	240	VERY_LOW	red
CLIP-0206.mov	1080	VERY_HIGH	blue
CLIP-0207.mov	360	LOW	orange
CLIP-0208.mov	360	LOW	orange
CLIP-0209.mov	360	LOW	orange
CLIP-0210.mov	360	LOW	orange
CLIP-0211.mov	360	LOW	orange
CLIP-0212.mov	360	LOW	orange
CLIP-0213.mov	360	LOW	orange
CLIP-0214.mov	360	LOW	orange
CLIP-0215.mov	360	LOW	orange
CLIP-0216.mov	360	LOW	orange
CLIP-0217.mov	360	LOW	orange
CLIP-0218.mov	480	MED	yellow
CLIP-0219.mov	360	LOW	orange
CLIP-0220.mov	240	VERY_LOW	red
CLIP-0221.mov	1080	VERY_HIGH	blue
CLIP-0222.mov	480	MED	yellow
CLIP-0223.mov	480	MED	yellow
CLIP-0224.mov	240,720	VERY_LOW	green,red
CLIP-0225.mov	720	HIGH	green
CLIP-0226.mov	720	HIGH	green
CLIP-0227.mov	240	VERY_LOW	red
CLIP-0228.mov	240	VERY_LOW	red
CLIP-0229.mov	1080	VERY_HIGH	blue
CLIP-0230.mov	480	MED	yellow
CLIP-0231.mov	480	MED	yellow
CLIP-0232.mov	480	MED	yellow
CLIP-0233.mov	480	MED	yellow
CLIP-0234.mov	480	MED	yellow
CLIP-0235.mov	240	VERY_LOW	red
CLIP-0236.mov	240	VERY_LOW	red
CLIP-0237.mov	1080	VERY_HIGH	blue
CLIP-0238.mov	1080	VERY_HIGH	blue
CLIP-0239.mov	240	VERY_LOW	red
CLIP-0240.mov	1080	VERY_HIGH	blue
CLIP-0241.mov	240	VERY_LOW	red
CLIP-0242.mov	480	MED	yellow
CLIP-0243.mov	720	HIGH	green
CLIP-0244.mov	720	HIGH	green
CLIP-0245.mov	480	MED	yellow
CLIP-0246.mov	480	MED	yellow
CLIP-0247.mov	480	MED	yellow
CLIP-0248.mov	480	MED	yellow
CLIP-0249.mov	360	LOW	orange
CLIP-0250.mov	360	LOW	orange
CLIP-0251.mov	360	LOW	orange
CLIP-0252.mov	360	LOW	orange
CLIP-0253.mov	720	HIGH	green
CLIP-0254.mov	1080	VERY_HIGH	blue
CLIP-0255.mov	480	MED	yellow
CLIP-0256.mov	480	MED	yellow
CLIP-0257.mov	360	LOW	orange
CLIP-0258.mov	720	HIGH	green
CLIP-0259.mov	720	HIGH	green
CLIP-0260.mov	360	LOW	orange
CLIP-0261.mov	240	VERY_LOW	red
CLIP-0262.mov	360	LOW	orange
CLIP-0263.mov	360	LOW	orange
CLIP-0264.mov	720	HIGH	green
CLIP-0265.mov	240	VERY_LOW	red
CLIP-0266.mov	360	LOW	orange
CLIP-0267.mov	1080	VERY_HIGH	blue
CLIP-0268.mov	720	HIGH	green
CLIP-0269.mov	720	HIGH	green
CLIP-0270.mov	720	HIGH	green
CLIP-0271.mov	240	VERY_LOW	red
CLIP-0272.mov	720	HIGH	green
CLIP-0273.mov	1080	VERY_HIGH	blue
CLIP-0274.mov	240	VERY_LOW	red
CLIP-0275.mov	480	MED	yellow
CLIP-0276.mov	480	MED	yellow
CLIP-0277.mov	240	VERY_LOW	red
CLIP-0278.mov	360	LOW	orange
CLIP-0279.mov	360	LOW	orange
CLIP-0280.mov	360	LOW	orange
CLIP-0281.mov	480	MED	yellow
CLIP-0282.mov	480	MED	yellow
CLIP-0283.mov	480	MED	yellow
CLIP-0284.mov	480	MED	yellow
CLIP-0285.mov	480	MED	yellow
CLIP-0286.mov	360	LOW	orange
CLIP-0287.mov	240	VERY_LOW	red
CLIP-0288.mov	360	LOW	orange
CLIP-0289.mov	240	VERY_LOW	red
CLIP-0290.mov	360	LOW	orange
CLIP-0291.mov	240	VERY_LOW	red
CLIP-0292.mov	360	LOW	orange
CLIP-0293.mov	480	MED	yellow
CLIP-0294.mov	360	LOW	orange
CLIP-0295.mov	360	LOW	orange
CLIP-0296.mov	360	LOW	orange
CLIP-0297.mov	240	VERY_LOW	red
CLIP-0298.mov	360	LOW	orange
CLIP-0299.mov	240	VERY_LOW	red
CLIP-0300.mov	480	MED	yellow
CLIP-0301.mov	240	VERY_LOW	red
CLIP-0302.mov	360	LOW	orange
CLIP-0303.mov	240	VERY_LOW	red
CLIP-0304.mov	360	LOW	orange
CLIP-0305.mov	240	VERY_LOW	red
CLIP-0306.mov	360	LOW	orange
CLIP-0307.mov	480	MED	yellow
CLIP-0308.mov	360	LOW	orange
CLIP-0309.mov	360	LOW	orange
CLIP-0310.mov	1080	VERY_HIGH	blue
CLIP-0311.mov	360	LOW	orange
CLIP-0312.mov	360	LOW	orange
CLIP-0313.mov	360	LOW	orange
CLIP-0314.mov	360	LOW	orange
CLIP-0315.mov	720	HIGH	green
CLIP-0316.mov	720	HIGH	green
CLIP-0317.mov	720	HIGH	green
CLIP-0318.mov	720	HIGH	green
CLIP-0319.mov	720	HIGH	green
CLIP-0320.mov	720	HIGH	green
CLIP-0321.mov	480	MED	yellow
CLIP-0322.mov	360	LOW	orange
CLIP-0323.mov	480	MED	yellow
CLIP-0324.mov	360	LOW	orange
CLIP-0325.mov	360	LOW	orange
CLIP-0326.mov	360	LOW	orange
CLIP-0327.mov	360	LOW	orange
CLIP-0328.mov	360	LOW	orange
CLIP-0329.mov	480	MED	yellow
CLIP-0330.mov	360	LOW	orange
CLIP-0331.mov	480	MED	yellow
CLIP-0332.mov	360	LOW	orange
CLIP-0333.mov	480	MED	yellow
CLIP-0334.mov	360	LOW	orange
CLIP-0335.mov	480	MED	yellow
CLIP-0336.mov	480	MED	yellow
CLIP-0337.mov	360	LOW	orange
CLIP-0338.mov	480	MED	yellow
CLIP-0339.mov	480	MED	yellow
CLIP-0340.mov	360	LOW	orange
CLIP-0341.mov	360	LOW	orange
CLIP-0342.mov	240	VERY_LOW	red
CLIP-0343.mov	240	VERY_LOW	red
CLIP-0344.mov	240	VERY_LOW	red
CLIP-0345.mov	720	HIGH	green
CLIP-0346.mov	360	LOW	orange
CLIP-0347.mov	360	LOW	orange
CLIP-0348.mov	240	VERY_LOW	red
CLIP-0349.mov	240	VERY_LOW	red
CLIP-0350.mov	240	VERY_LOW	red
CLIP-0351.mov	240	VERY_LOW	red
CLIP-0352.mov	360	LOW	orange
CLIP-0353.mov	1080	VERY_HIGH	blue
CLIP-0354.mov	240	VERY_LOW	red
CLIP-0355.mov	1080	VERY_HIGH	blue
CLIP-0356.mov	480	MED	yellow
CLIP-0357.mov	480	MED	yellow
CLIP-0358.mov	480	MED	yellow
CLIP-0359.mov	240	VERY_LOW	red
CLIP-0360.mov	240	VERY_LOW	red
CLIP-0361.mov	360	LOW	orange
CLIP-0362.mov	360	LOW	orange
CLIP-0363.mov	360	LOW	orange
CLIP-0364.mov	360	LOW	orange
CLIP-0365.mov	360	LOW	orange
CLIP-0366.mov	360	LOW	orange
CLIP-0367.mov	360	LOW	orange
CLIP-0368.mov	360	LOW	orange
CLIP-0369.mov	360	LOW	orange
CLIP-0370.mov	360	LOW	orange
CLIP-0371.mov	240	VERY_LOW	red
CLIP-0372.mov	360	LOW	orange
CLIP-0373.mov	240	VERY_LOW	red
CLIP-0374.mov	240	VERY_LOW	red
CLIP-0375.mov	360	LOW	orange
CLIP-0376.mov	240	VERY_LOW	red
CLIP-0377.mov	360	LOW	orange
CLIP-0378.mov	360	LOW	orange
CLIP-0379.mov	360	LOW	orange
CLIP-0380.mov	360	LOW	orange
CLIP-0381.mov	240	VERY_LOW	red
CLIP-0382.mov	1080	VERY_HIGH	blue
CLIP-0383.mov	480	MED	yellow
CLIP-0384.mov	480	MED	yellow
CLIP-0385.mov	1080	VERY_HIGH	blue
CLIP-0386.mov	360	LOW	orange
CLIP-0387.mov	480	MED	yellow
CLIP-0388.mov	360	LOW	orange
CLIP-0389.mov	360	LOW	orange
CLIP-0390.mov	480	MED	yellow
CLIP-0391.mov	480	MED	yellow
CLIP-0392.mov	480	MED	yellow
CLIP-0393.mov	360	LOW	orange
CLIP-0394.mov	360	LOW	orange
CLIP-0395.mov	720	HIGH	green
CLIP-0396.mov	480	MED	yellow
CLIP-0397.mov	360	LOW	orange
CLIP-0398.mov	240	VERY_LOW	red
CLIP-0399.mov	360	LOW	orange
CLIP-0400.mov	480	MED	yellow
CLIP-0401.mov	240	VERY_LOW	red
CLIP-0402.mov	480	MED	yellow
CLIP-0403.mov	360	LOW	orange
CLIP-0404.mov	360	LOW	orange
CLIP-0405.mov	480	MED	yellow
CLIP-0406.mov	480	MED	yellow
CLIP-0407.mov	480	MED	yellow
CLIP-0408.mov	480	MED	yellow
CLIP-0409.mov	360	LOW	orange
CLIP-0410.mov	360	LOW	orange
CLIP-0411.mov	360	LOW	orange
CLIP-0412.mov	480	MED	yellow
CLIP-0413.mov	360	LOW	orange
CLIP-0414.mov	360	LOW	orange
CLIP-0415.mov	240	VERY_LOW	red
CLIP-0416.mov	360	LOW	orange
CLIP-0417.mov	360	LOW	orange
CLIP-0418.mov	360	LOW	orange
CLIP-0419.mov	240	VERY_LOW	red
CLIP-0420.mov	360	LOW	orange
CLIP-0421.mov	720	HIGH	green
CLIP-0422.mov	720	HIGH	green
CLIP-0423.mov	720	HIGH	green
CLIP-0424.mov	360	LOW	orange
CLIP-0425.mov	1080	VERY_HIGH	blue
CLIP-0426.mov	360	LOW	orange
CLIP-0427.mov	360	LOW	orange
CLIP-0428.mov	480	MED	yellow
CLIP-0429.mov	480	MED	yellow
CLIP-0430.mov	480	MED	yellow
CLIP-0431.mov	480	MED	yellow
CLIP-0432.mov	480	MED	yellow
CLIP-0433.mov	360	LOW	orange
CLIP-0434.mov	720	HIGH	green
CLIP-0435.mov	360	LOW	orange
CLIP-0436.mov	1080	VERY_HIGH	blue
CLIP-0437.mov	720	HIGH	green
CLIP-0438.mov	480	MED	yellow
CLIP-0439.mov	240	VERY_LOW	red
CLIP-0440.mov	720	HIGH	green
CLIP-0441.mov	360	VERY_HIGH	blue
CLIP-0442.mov	720	HIGH	green
CLIP-0443.mov	480	MED	yellow
CLIP-0444.mov	720	HIGH	green
CLIP-0445.mov	360	LOW	orange
CLIP-0446.mov	360	LOW	orange
CLIP-0447.mov	480	MED	yellow
CLIP-0448.mov	360	LOW	orange
CLIP-0449.mov	360	LOW	orange
CLIP-0450.mov	240	VERY_LOW	red
CLIP-0451.mov	360	LOW	orange
CLIP-0452.mov	240	VERY_LOW	red
CLIP-0453.mov	480	MED	yellow
CLIP-0454.mov	360	LOW	orange
CLIP-0455.mov	1080	VERY_HIGH	blue
CLIP-0456.mov	720	HIGH	green
CLIP-0457.mov	720	HIGH	green
CLIP-0458.mov	720	HIGH	green
CLIP-0459.mov	720	HIGH	green
CLIP-0460.mov	720	HIGH	green
CLIP-0461.mov	720	HIGH	green
CLIP-0462.mov	720	HIGH	green
CLIP-0463.mov	720	HIGH	green
CLIP-0464.mov	720	HIGH	green
CLIP-0465.mov	720	HIGH	green
CLIP-0466.mov	720	HIGH	green
CLIP-0467.mov	720	HIGH	green
CLIP-0468.mov	720	HIGH	green
CLIP-0469.mov	720	HIGH	green
CLIP-0470.mov	720	HIGH	green
CLIP-0471.mov	360	LOW	orange
CLIP-0472.mov	360	LOW	orange
CLIP-0473.mov	720	HIGH	green
CLIP-0474.mov	720	HIGH	green
CLIP-0475.mov	480	MED	yellow
CLIP-0476.mov	480	MED	yellow
CLIP-0477.mov	720	HIGH	green
CLIP-0478.mov	360	LOW	orange
CLIP-0479.mov	1080	VERY_HIGH	blue
CLIP-0480.mov	360	LOW	orange
CLIP-0481.mov	720	HIGH	green
CLIP-0482.mov	720	HIGH	green
CLIP-0483.mov	720	HIGH	green
CLIP-0484.mov	480	MED	yellow
CLIP-0485.mov	720	HIGH	green
CLIP-0486.mov	720	HIGH	green
CLIP-0487.mov	360,720	LOW	green,orange
CLIP-0488.mov	360	LOW	orange
CLIP-0489.mov	360	LOW	orange
CLIP-0490.mov	1080	VERY_HIGH	blue
CLIP-0491.mov	1080	VERY_HIGH	blue
CLIP-0492.mov	360	LOW	orange
CLIP-0493.mov	1080	VERY_HIGH	blue
CLIP-0494.mov	360	LOW	orange
CLIP-0495.mov	1080	VERY_HIGH	blue
CLIP-0496.mov	1080	VERY_HIGH	blue
CLIP-0497.mov	1080	VERY_HIGH	blue
CLIP-0498.mov	240	VERY_LOW	red
CLIP-0499.mov	720	HIGH	green
CLIP-0500.mov	720	HIGH	green
CLIP-0501.mov	720	HIGH	green
CLIP-0502.mov	720	HIGH	green
CLIP-0503.mov	720	HIGH	green
CLIP-0504.mov	720	HIGH	green
CLIP-0505.mov	720	HIGH	green
CLIP-0506.mov	1080	VERY_HIGH	blue
CLIP-0507.mov	1080	VERY_HIGH	blue
CLIP-0508.mov	480	MED	yellow
CLIP-0509.mov	480	MED	yellow
CLIP-0510.mov	360	LOW	orange
CLIP-0511.mov	480	MED	yellow
CLIP-0512.mov	720	HIGH	green
CLIP-0513.mov	720	HIGH	green
CLIP-0514.mov	1080	VERY_HIGH	blue
CLIP-0515.mov	1080	VERY_HIGH	blue
CLIP-0516.mov	360	LOW	orange
CLIP-0517.mov	720	HIGH	green
CLIP-0518.mov	480	MED	yellow
CLIP-0519.mov	360	LOW	orange
CLIP-0520.mov	720	HIGH	green
CLIP-0521.mov	1080	VERY_HIGH	blue
CLIP-0522.mov	480	MED	yellow
CLIP-0523.mov	1080	VERY_HIGH	blue
CLIP-0524.mov	360	LOW	orange
CLIP-0525.mov	1080	VERY_HIGH	blue
CLIP-0526.mov	360	LOW	orange
CLIP-0527.mov	480	MED	yellow
CLIP-0528.mov	1080	VERY_HIGH	blue
CLIP-0529.mov	720	HIGH	green
CLIP-0530.mov	720	HIGH	green
CLIP-0531.mov	720	HIGH	green
CLIP-0532.mov	720	HIGH	green
CLIP-0533.mov	1080	VERY_HIGH	blue
CLIP-0534.mov	720	HIGH	green
CLIP-0535.mov	720	HIGH	green
CLIP-0536.mov	720	HIGH	green
CLIP-0537.mov	360	LOW	orange
CLIP-0538.mov	480	MED	yellow
CLIP-0539.mov	1080	VERY_HIGH	blue
CLIP-0540.mov	1080	VERY_HIGH	blue
CLIP-0541.mov	1080	VERY_HIGH	blue
CLIP-0542.mov	720	HIGH	green
CLIP-0543.mov	720	HIGH	green
CLIP-0544.mov	720	HIGH	green
CLIP-0545.mov	720	HIGH	green
CLIP-0546.mov	720	HIGH	green
CLIP-0547.mov	720	HIGH	green
CLIP-0548.mov	720	HIGH	green
CLIP-0549.mov	1080	VERY_HIGH	blue
CLIP-0550.mov	360	LOW	orange
CLIP-0551.mov	1080	VERY_HIGH	blue
CLIP-0552.mov	720	HIGH	green
CLIP-0553.mov	480	MED	yellow
CLIP-0554.mov	480	MED	yellow
CLIP-0555.mov	480	MED	yellow
CLIP-0556.mov	480	MED	yellow
CLIP-0557.mov	480	MED	yellow
CLIP-0558.mov	720	HIGH	green
CLIP-0559.mov	720	HIGH	green
CLIP-0560.mov	1080	VERY_HIGH	blue
CLIP-0561.mov	1080	VERY_HIGH	blue
CLIP-0562.mov	1080	VERY_HIGH	blue
CLIP-0563.mov	480	MED	yellow
CLIP-0564.mov	480	MED	yellow
CLIP-0565.mov	360	LOW	orange
CLIP-0566.mov	720	HIGH	green
CLIP-0567.mov	360	LOW	orange
CLIP-0568.mov	1080	VERY_HIGH	blue
CLIP-0569.mov	1080	VERY_HIGH	blue
CLIP-0570.mov	720	HIGH	green
CLIP-0571.mov	720	HIGH	green
CLIP-0572.mov	720	HIGH	green
CLIP-0573.mov	720	HIGH	green
CLIP-0574.mov	720	HIGH	green
CLIP-0575.mov	720	HIGH	green
CLIP-0576.mov	720	HIGH	green
CLIP-0577.mov	480	MED	yellow
CLIP-0578.mov	480,1080	MED	blue,yellow
CLIP-0579.mov	480	MED	yellow
CLIP-0580.mov	480	MED	yellow
CLIP-0581.mov	480	MED	yellow
CLIP-0582.mov	480	MED	yellow
CLIP-0583.mov	480	MED	yellow
CLIP-0584.mov	1080	VERY_HIGH	blue
CLIP-0585.mov	1080	VERY_HIGH	blue
CLIP-0586.mov	720	HIGH	green
CLIP-0587.mov	360	LOW	orange
CLIP-0588.mov	720	HIGH	green
CLIP-0589.mov	720	HIGH	green
CLIP-0590.mov	1080	VERY_HIGH	blue
CLIP-0591.mov	480	MED	yellow
CLIP-0592.mov	1080	VERY_HIGH	blue
CLIP-0593.mov	720	HIGH	green
CLIP-0594.mov	720	HIGH	green
CLIP-0595.mov	720	HIGH	green
CLIP-0596.mov	720	HIGH	green
CLIP-0597.mov	720	HIGH	green
CLIP-0598.mov	720	HIGH	green
CLIP-0599.mov	720	HIGH	green
CLIP-0600.mov	360	LOW	orange
CLIP-0601.mov	1080	VERY_HIGH	blue
CLIP-0602.mov	1080	VERY_HIGH	blue
CLIP-0603.mov	1080	VERY_HIGH	blue
CLIP-0604.mov	1080	VERY_HIGH	blue
CLIP-0605.mov	720	HIGH	green
CLIP-0606.mov	720	HIGH	green
CLIP-0607.mov	720	HIGH	green
CLIP-0608.mov	720	HIGH	green
CLIP-0609.mov	720	HIGH	green
CLIP-0610.mov	720	HIGH	green
CLIP-0611.mov	720	HIGH	green
CLIP-0612.mov	720	HIGH	green
CLIP-0613.mov	720	HIGH	green
CLIP-0614.mov	720	HIGH	green
CLIP-0615.mov	720	HIGH	green
CLIP-0616.mov	720	HIGH	green
CLIP-0617.mov	720	HIGH	green
CLIP-0618.mov	720	HIGH	green
CLIP-0619.mov	1080	VERY_HIGH	blue
CLIP-0620.mov	1080	VERY_HIGH	blue
CLIP-0621.mov	1080	VERY_HIGH	blue
CLIP-0622.mov	360	LOW	orange
CLIP-0623.mov	240	VERY_LOW	red
CLIP-0624.mov	1080	VERY_HIGH	blue
CLIP-0625.mov	720	HIGH	green
CLIP-0626.mov	360	LOW	orange
CLIP-0627.mov	720	HIGH	green
CLIP-0628.mov	480	MED	yellow
CLIP-0629.mov	720	HIGH	green
CLIP-0630.mov	360	LOW	orange
CLIP-0631.mov	360	LOW	orange
CLIP-0632.mov	1080	VERY_HIGH	blue
CLIP-0633.mov	480	MED	yellow
CLIP-0634.mov	240	VERY_LOW	red
CLIP-0635.mov	240	VERY_LOW	red
CLIP-0636.mov	240	VERY_LOW	red
CLIP-0637.mov	720	HIGH	green
CLIP-0638.mov	360	LOW	orange
CLIP-0639.mov	1080	VERY_HIGH	blue
CLIP-0640.mov	360	LOW	orange
CLIP-0641.mov	360	LOW	orange
CLIP-0642.mov	360	LOW	orange
CLIP-0643.mov	360	LOW	orange
CLIP-0644.mov	240	VERY_LOW	red
CLIP-0645.mov	360	LOW	orange
CLIP-0646.mov	360	LOW	orange
CLIP-0647.mov	360	LOW	orange
CLIP-0648.mov	360	LOW	orange
CLIP-0649.mov	360	LOW	orange
CLIP-0650.mov	360	LOW	orange
CLIP-0651.mov	360	LOW	orange
CLIP-0652.mov	480	MED	yellow
CLIP-0653.mov	480	MED	yellow
CLIP-0654.mov	1080	VERY_HIGH	blue
CLIP-0655.mov	360	LOW	orange
CLIP-0656.mov	360	LOW	orange
CLIP-0657.mov	360	LOW	orange
CLIP-0658.mov	360	LOW	orange
CLIP-0659.mov	360	LOW	orange
CLIP-0660.mov	360	LOW	orange
CLIP-0661.mov	360	LOW	orange
CLIP-0662.mov	360	LOW	orange
CLIP-0663.mov	360	LOW	orange
CLIP-0664.mov	360	LOW	orange
CLIP-0665.mov	360	LOW	orange
CLIP-0666.mov	360	LOW	orange
CLIP-0667.mov	360	LOW	orange
CLIP-0668.mov	360	LOW	orange
CLIP-0669.mov	360	LOW	orange
CLIP-0670.mov	360	LOW	orange
CLIP-0671.mov	360	LOW	orange
CLIP-0672.mov	360	LOW	orange
CLIP-0673.mov	360	LOW	orange
CLIP-0674.mov	360	LOW	orange
CLIP-0675.mov	360	LOW	orange
CLIP-0676.mov	240,720	VERY_LOW	red,green
CLIP-0677.mov	720	HIGH	green
CLIP-0678.mov	240	VERY_LOW	red
CLIP-0679.mov	720	HIGH	green
CLIP-0680.mov	480	MED	yellow
CLIP-0681.mov	480	MED	yellow
CLIP-0682.mov	480	MED	yellow
CLIP-0683.mov	720	HIGH	green
CLIP-0684.mov	720	HIGH	green
CLIP-0685.mov	720	HIGH	green
CLIP-0686.mov	480	MED	yellow
CLIP-0687.mov	480	MED	yellow
CLIP-0688.mov	480	MED	yellow
CLIP-0689.mov	480	MED	yellow
CLIP-0690.mov	480	MED	yellow
CLIP-0691.mov	480	MED	yellow
CLIP-0692.mov	720	HIGH	green
CLIP-0693.mov	480	MED	yellow
CLIP-0694.mov	480	MED	yellow
CLIP-0695.mov	480	MED	yellow
CLIP-0696.mov	480	MED	yellow
CLIP-0697.mov	480	MED	yellow
CLIP-0698.mov	480	MED	yellow
CLIP-0699.mov	480	MED	yellow
CLIP-0700.mov	480	MED	yellow
CLIP-0701.mov	480	MED	yellow
CLIP-0702.mov	480	MED	yellow
CLIP-0703.mov	480	MED	yellow
CLIP-0704.mov	480	MED	yellow
CLIP-0705.mov	480	MED	yellow
CLIP-0706.mov	480	MED	yellow
CLIP-0707.mov	480	MED	yellow
CLIP-0708.mov	480	MED	yellow
CLIP-0709.mov	480	MED	yellow
CLIP-0710.mov	480	MED	yellow
CLIP-0711.mov	480	MED	yellow
CLIP-0712.mov	480	MED	yellow
CLIP-0713.mov	480	MED	yellow
CLIP-0714.mov	480	MED	yellow
CLIP-0715.mov	480	MED	yellow
CLIP-0716.mov	480	MED	yellow
CLIP-0717.mov	480	MED	yellow
CLIP-0718.mov	480	MED	yellow
CLIP-0719.mov	480	MED	yellow
CLIP-0720.mov	480	MED	yellow
CLIP-0721.mov	480	MED	yellow
CLIP-0722.mov	480	MED	yellow
CLIP-0723.mov	480	MED	yellow
CLIP-0724.mov	480	MED	yellow
CLIP-0725.mov	480	MED	yellow
CLIP-0726.mov	480	MED	yellow
CLIP-0727.mov	480	MED	yellow
CLIP-0728.mov	720	HIGH	green
CLIP-0729.mov	480	MED	yellow
CLIP-0730.mov	240	VERY_LOW	red
CLIP-0731.mov	720	HIGH	green
CLIP-0732.mov	480	MED	yellow
CLIP-0733.mov	720	HIGH	green
CLIP-0734.mov	720	HIGH	green
CLIP-0735.mov	720	HIGH	green
CLIP-0736.mov	720	HIGH	green
CLIP-0737.mov	720	HIGH	green
CLIP-0738.mov	720	HIGH	green
CLIP-0739.mov	720	HIGH	green
CLIP-0740.mov	480	MED	yellow
CLIP-0741.mov	480	MED	yellow
CLIP-0742.mov	240	VERY_LOW	red
CLIP-0743.mov	360	LOW	orange
CLIP-0744.mov	720	HIGH	green
CLIP-0745.mov	240	VERY_LOW	red
CLIP-0746.mov	240	VERY_LOW	red
CLIP-0747.mov	720	HIGH	green
CLIP-0748.mov	480	MED	yellow
CLIP-0749.mov	360	LOW	orange
CLIP-0750.mov	360	LOW	orange
CLIP-0751.mov	360	LOW	orange
CLIP-0752.mov	720	HIGH	green
CLIP-0753.mov	720	HIGH	green
CLIP-0754.mov	720	HIGH	green
CLIP-0755.mov	720	HIGH	green
CLIP-0756.mov	720	HIGH	green
CLIP-0757.mov	720	HIGH	green
CLIP-0758.mov	720	HIGH	green
CLIP-0759.mov	720	HIGH	green
CLIP-0760.mov	720	HIGH	green
CLIP-0761.mov	720	HIGH	green
CLIP-0762.mov	720	HIGH	green
CLIP-0763.mov	720	HIGH	green
CLIP-0764.mov	720	HIGH	green
CLIP-0765.mov	720	HIGH	green
CLIP-0766.mov	720	HIGH	green
CLIP-0767.mov	720	HIGH	green
CLIP-0768.mov	720	HIGH	green
CLIP-0769.mov	720	HIGH	green
CLIP-0770.mov	720	HIGH	green
CLIP-0771.mov	360	LOW	orange
CLIP-0772.mov	480	MED	yellow
CLIP-0773.mov	480	MED	yellow
CLIP-0774.mov	480	MED	yellow
CLIP-0775.mov	480	MED	yellow
CLIP-0776.mov	480	MED	yellow
CLIP-0777.mov	480	MED	yellow
CLIP-0778.mov	720	HIGH	green
CLIP-0779.mov	720	HIGH	green
CLIP-0780.mov	480	MED	yellow
CLIP-0781.mov	480	MED	yellow
CLIP-0782.mov	480	MED	yellow
CLIP-0783.mov	480	MED	yellow
CLIP-0784.mov	720	HIGH	green
CLIP-0785.mov	360,480	LOW	orange,yellow
CLIP-0786.mov	720	HIGH	green
CLIP-0787.mov	480	MED	yellow
CLIP-0788.mov	480	MED	yellow
CLIP-0789.mov	480	MED	yellow
CLIP-0790.mov	480	MED	yellow
CLIP-0791.mov	480	MED	yellow
CLIP-0792.mov	720	HIGH	green
CLIP-0793.mov	360	LOW	orange
CLIP-0794.mov	720	HIGH	green
CLIP-0795.mov	240	VERY_LOW	red
CLIP-0796.mov	720	HIGH	green
CLIP-0797.mov	480	MED	yellow
CLIP-0798.mov	480	MED	yellow
CLIP-0799.mov	480	MED	yellow
CLIP-0800.mov	720	HIGH	green
CLIP-0801.mov	480	MED	yellow
CLIP-0802.mov	360	LOW	orange
CLIP-0803.mov	360	LOW	orange
CLIP-0804.mov	720	HIGH	green
CLIP-0805.mov	720	HIGH	green
CLIP-0806.mov	720	HIGH	green
CLIP-0807.mov	720	HIGH	green
CLIP-0808.mov	1080	VERY_HIGH	blue
CLIP-0809.mov	720	HIGH	green
CLIP-0810.mov	720	HIGH	green
CLIP-0811.mov	720	HIGH	green
CLIP-0812.mov	720	HIGH	green
CLIP-0813.mov	360	LOW	orange
CLIP-0814.mov	240	VERY_LOW	red
CLIP-0815.mov	360	LOW	orange
CLIP-0816.mov	240	VERY_LOW	red
CLIP-0817.mov	720	HIGH	green
CLIP-0818.mov	720	HIGH	green
CLIP-0819.mov	480	MED	yellow
CLIP-0820.mov	480	MED	yellow
CLIP-0821.mov	360	LOW	orange
CLIP-0822.mov	720	HIGH	green
CLIP-0823.mov	720	HIGH	green
CLIP-0824.mov	1080	VERY_HIGH	blue
CLIP-0825.mov	720	HIGH	green
CLIP-0826.mov	1080	VERY_HIGH	blue
CLIP-0827.mov	720	HIGH	green
CLIP-0828.mov	720	HIGH	green
CLIP-0829.mov	360	LOW	orange
CLIP-0830.mov	720	HIGH	green
CLIP-0831.mov	720	HIGH	green
CLIP-0832.mov	720	HIGH	green
CLIP-0833.mov	720	HIGH	green
CLIP-0834.mov	720	HIGH	green
CLIP-0835.mov	720	HIGH	green
CLIP-0836.mov	360	LOW	orange
CLIP-0837.mov	360	LOW	orange
CLIP-0838.mov	720	HIGH	green
CLIP-0839.mov	720	HIGH	green
CLIP-0840.mov	720	HIGH	green
CLIP-0841.mov	720	HIGH	green
CLIP-0842.mov	720	HIGH	green
CLIP-0843.mov	720	HIGH	green
CLIP-0844.mov	720	HIGH	green
CLIP-0845.mov	720	HIGH	green
CLIP-0846.mov	720	HIGH	green
CLIP-0847.mov	240	VERY_LOW	red
CLIP-0848.mov	240	VERY_LOW	red
CLIP-0849.mov	240	VERY_LOW	red
CLIP-0850.mov	360	LOW	orange
CLIP-0851.mov	240	VERY_LOW	red
CLIP-0852.mov	720	HIGH	green
CLIP-0853.mov	720	HIGH	green
CLIP-0854.mov	720	HIGH	green
CLIP-0855.mov	720	HIGH	green
CLIP-0856.mov	240	VERY_LOW	red
CLIP-0857.mov	720	HIGH	green
CLIP-0858.mov	720	HIGH	green
CLIP-0859.mov	720	HIGH	green
CLIP-0860.mov	720	HIGH	green
CLIP-0861.mov	360	LOW	orange
CLIP-0862.mov	720	HIGH	green
CLIP-0863.mov	360	LOW	orange
CLIP-0864.mov	360,720	LOW	green,orange
CLIP-0865.mov	720	HIGH	green
CLIP-0866.mov	360	LOW	orange
CLIP-0867.mov	480	MED	yellow
CLIP-0868.mov	240	VERY_LOW	red
CLIP-0869.mov	480	MED	yellow
CLIP-0870.mov	240	VERY_LOW	red
CLIP-0871.mov	240	VERY_LOW	red
CLIP-0872.mov	720	HIGH	green
CLIP-0873.mov	240	VERY_LOW	red
CLIP-0874.mov	240	VERY_LOW	red
CLIP-0875.mov	240	VERY_LOW	red
CLIP-0876.mov	240	VERY_LOW	red
CLIP-0877.mov	240	VERY_LOW	red
CLIP-0878.mov	240	VERY_LOW	red
CLIP-0879.mov	240	VERY_LOW	red
CLIP-0880.mov	720	HIGH	green
CLIP-0881.mov	240	VERY_LOW	red
CLIP-0882.mov	360	LOW	orange
CLIP-0883.mov	1080	VERY_HIGH	blue
CLIP-0884.mov	360	LOW	orange
CLIP-0885.mov	240	VERY_LOW	red
CLIP-0886.mov	240,1080	VERY_LOW	blue,red
CLIP-0887.mov	240	VERY_LOW	red
CLIP-0888.mov	240	VERY_LOW	red
CLIP-0889.mov	240	VERY_LOW	red
CLIP-0890.mov	240	VERY_LOW	red
CLIP-0891.mov	240	VERY_LOW	red
CLIP-0892.mov	240	VERY_LOW	red
CLIP-0893.mov	240	VERY_LOW	red
CLIP-0894.mov	240	VERY_LOW	red
CLIP-0895.mov	240	VERY_LOW	red
CLIP-0896.mov	360	LOW	orange
CLIP-0897.mov	360	LOW	orange
CLIP-0898.mov	360	LOW	orange
CLIP-0899.mov	360	LOW	orange
CLIP-0900.mov	240	VERY_LOW	red
CLIP-0901.mov	720	HIGH	green
CLIP-0902.mov	480	MED	yellow
CLIP-0903.mov	720	HIGH	green
CLIP-0904.mov	240	VERY_LOW	red
CLIP-0905.mov	720	HIGH	green
CLIP-0906.mov	240	VERY_LOW	red
CLIP-0907.mov	360	LOW	orange
CLIP-0908.mov	360	LOW	orange
CLIP-0909.mov	360	LOW	orange
CLIP-0910.mov	360	LOW	orange
CLIP-0911.mov	360	LOW	orange
CLIP-0912.mov	360	LOW	orange
CLIP-0913.mov	1080	VERY_HIGH	blue
CLIP-0914.mov	720	HIGH	green
CLIP-0915.mov	480	MED	yellow
CLIP-0916.mov	480	MED	yellow
CLIP-0917.mov	480	MED	yellow
CLIP-0918.mov	360	LOW	orange
CLIP-0919.mov	720	HIGH	green
CLIP-0920.mov	360	LOW	orange
CLIP-0921.mov	480	MED	yellow
CLIP-0922.mov	480	MED	yellow
CLIP-0923.mov	480	MED	yellow
CLIP-0924.mov	480	MED	yellow
CLIP-0925.mov	480	MED	yellow
CLIP-0926.mov	480	MED	yellow
CLIP-0927.mov	480	MED	yellow
CLIP-0928.mov	480	MED	yellow
CLIP-0929.mov	480	MED	yellow
CLIP-0930.mov	480	MED	yellow
CLIP-0931.mov	480	MED	yellow
CLIP-0932.mov	480	MED	yellow
CLIP-0933.mov	480	MED	yellow
CLIP-0934.mov	480	MED	yellow
CLIP-0935.mov	480	MED	yellow
CLIP-0936.mov	480	MED	yellow
CLIP-0937.mov	480	MED	yellow
CLIP-0938.mov	480	MED	yellow
CLIP-0939.mov	480	MED	yellow
CLIP-0940.mov	480	MED	yellow
CLIP-0941.mov	480	MED	yellow
CLIP-0942.mov	480	MED	yellow
CLIP-0943.mov	480	MED	yellow
CLIP-0944.mov	480	MED	yellow
CLIP-0945.mov	480	MED	yellow
CLIP-0946.mov	480	MED	yellow
CLIP-0947.mov	480	MED	yellow
CLIP-0948.mov	480	MED	yellow
CLIP-0949.mov	480	MED	yellow
CLIP-0950.mov	480	MED	yellow
CLIP-0951.mov	480	MED	yellow
CLIP-0952.mov	480	MED	yellow
CLIP-0953.mov	480	MED	yellow
CLIP-0954.mov	480	MED	yellow
CLIP-0955.mov	480	MED	yellow
CLIP-0956.mov	480	MED	yellow
CLIP-0957.mov	480	MED	yellow
CLIP-0958.mov	480	MED	yellow
CLIP-0959.mov	480	MED	yellow
CLIP-0960.mov	480	MED	yellow
CLIP-0961.mov	480	MED	yellow
CLIP-0962.mov	480	MED	yellow
CLIP-0963.mov	480	MED	yellow
CLIP-0964.mov	480	MED	yellow
CLIP-0965.mov	480	MED	yellow
CLIP-0966.mov	480	MED	yellow
CLIP-0967.mov	480	MED	yellow
CLIP-0968.mov	480	MED	yellow
CLIP-0969.mov	480,720	MED	yellow,green
CLIP-0970.mov	720	HIGH	green
CLIP-0971.mov	720	HIGH	green
CLIP-0972.mov	480	MED	yellow
CLIP-0973.mov	480	MED	yellow
CLIP-0974.mov	480	MED	yellow
CLIP-0975.mov	480	MED	yellow
CLIP-0976.mov	480	MED	yellow
CLIP-0977.mov	480	MED	yellow
CLIP-0978.mov	480	MED	yellow
CLIP-0979.mov	480	MED	yellow
CLIP-0980.mov	480	MED	yellow
CLIP-0981.mov	480	MED	yellow
CLIP-0982.mov	480	MED	yellow
CLIP-0983.mov	480	MED	yellow
CLIP-0984.mov	480	MED	yellow
CLIP-0985.mov	480	MED	yellow
CLIP-0986.mov	480	MED	yellow
CLIP-0987.mov	480	MED	yellow
CLIP-0988.mov	480	MED	yellow
CLIP-0989.mov	480	MED	yellow
CLIP-0990.mov	480	MED	yellow
CLIP-0991.mov	720	HIGH	green
CLIP-0992.mov	360	LOW	orange
CLIP-0993.mov	720	HIGH	green
CLIP-0994.mov	360	LOW	orange
CLIP-0995.mov	480	MED	yellow
CLIP-0996.mov	720	HIGH	green
CLIP-0997.mov	480	MED	yellow
CLIP-0998.mov	240	VERY_LOW	red
CLIP-0999.mov	720	HIGH	green
CLIP-1000.mov	720	HIGH	green
CLIP-1001.mov	480	MED	yellow
CLIP-1002.mov	1080	VERY_HIGH	blue
CLIP-1003.mov	480,1080	MED	blue,yellow
CLIP-1004.mov	360	LOW	orange
CLIP-1005.mov	360	LOW	orange
CLIP-1006.mov	240	VERY_LOW	red
CLIP-1007.mov	1080	VERY_HIGH	blue
CLIP-1008.mov	1080	VERY_HIGH	blue
CLIP-1009.mov	360	LOW	orange
CLIP-1010.mov	360	LOW	orange
CLIP-1011.mov	720	HIGH	green
CLIP-1012.mov	720	HIGH	green
CLIP-1013.mov	1080	VERY_HIGH	blue
CLIP-1014.mov	720	HIGH	green
CLIP-1015.mov	480	MED	yellow
CLIP-1016.mov	360	LOW	orange
CLIP-1017.mov	1080	VERY_HIGH	blue
CLIP-1018.mov	360	LOW	orange
CLIP-1019.mov	240	VERY_LOW	red
CLIP-1020.mov	240	VERY_LOW	red
CLIP-1021.mov	720	HIGH	green
CLIP-1022.mov	1080	VERY_HIGH	blue
CLIP-1023.mov	1080	VERY_HIGH	blue
CLIP-1024.mov	240	VERY_LOW	red
CLIP-1025.mov	360,1080	LOW	orange,blue
CLIP-1026.mov	240	VERY_LOW	red
CLIP-1027.mov	1080	VERY_HIGH	blue
CLIP-1028.mov	1080	VERY_HIGH	blue
CLIP-1029.mov	240	VERY_LOW	red
CLIP-1030.mov	480	MED	yellow
CLIP-1031.mov	360	LOW	orange
CLIP-1032.mov	720	HIGH	green
CLIP-1033.mov	1080	VERY_HIGH	blue
CLIP-1034.mov	240	VERY_LOW	red
CLIP-1035.mov	1080	VERY_HIGH	blue
CLIP-1036.mov	240	VERY_LOW	red
CLIP-1037.mov	240	VERY_LOW	red
CLIP-1038.mov	240	VERY_LOW	red
CLIP-1039.mov	240	VERY_LOW	red
CLIP-1040.mov	240	VERY_LOW	red
CLIP-1041.mov	480	MED	yellow
CLIP-1042.mov	480	MED	yellow
CLIP-1043.mov	480	MED	yellow
CLIP-1044.mov	480	MED	yellow
CLIP-1045.mov	480	MED	yellow
CLIP-1046.mov	480	MED	yellow
CLIP-1047.mov	480	MED	yellow
CLIP-1048.mov	480	MED	yellow
CLIP-1049.mov	480	MED	yellow
CLIP-1050.mov	480	MED	yellow
CLIP-1051.mov	480	MED	yellow
CLIP-1052.mov	480	MED	yellow
CLIP-1053.mov	480	MED	yellow
CLIP-1054.mov	360,480	LOW	yellow,orange
CLIP-1055.mov	240	VERY_LOW	red
CLIP-1056.mov	360,1080	LOW	orange,blue
CLIP-1057.mov	240	VERY_LOW	red
CLIP-1058.mov	360	LOW	orange
CLIP-1059.mov	360	LOW	orange
CLIP-1060.mov	360	LOW	orange
CLIP-1061.mov	360	LOW	orange
CLIP-1062.mov	360	LOW	orange
CLIP-1063.mov	360	LOW	orange
CLIP-1064.mov	360	LOW	orange
CLIP-1065.mov	360	LOW	orange
CLIP-1066.mov	360	LOW	orange
CLIP-1067.mov	360	LOW	orange
CLIP-1068.mov	360	LOW	orange
CLIP-1069.mov	360	LOW	orange
CLIP-1070.mov	360	LOW	orange
CLIP-1071.mov	360	LOW	orange
CLIP-1072.mov	360	LOW	orange
CLIP-1073.mov	360	LOW	orange
CLIP-1074.mov	360	LOW	orange
CLIP-1075.mov	360	LOW	orange
CLIP-1076.mov	360	LOW	orange
CLIP-1077.mov	720	HIGH	green
CLIP-1078.mov	720	HIGH	green
CLIP-1079.mov	360	LOW	orange
CLIP-1080.mov	360	LOW	orange
CLIP-1081.mov	360	LOW	orange
CLIP-1082.mov	720	HIGH	green
CLIP-1083.mov	720	HIGH	green
CLIP-1084.mov	1080	VERY_HIGH	blue
CLIP-1085.mov	1080	VERY_HIGH	blue
CLIP-1086.mov	1080	VERY_HIGH	blue
CLIP-1087.mov	360	LOW	orange
CLIP-1088.mov	360	LOW	orange
CLIP-1089.mov	720	HIGH	green
CLIP-1090.mov	480	MED	yellow
CLIP-1091.mov	720	HIGH	green
CLIP-1092.mov	360	LOW	orange
CLIP-1093.mov	240	VERY_LOW	red
CLIP-1094.mov	480,1080	MED	blue,yellow
CLIP-1095.mov	480	MED	yellow
CLIP-1096.mov	360	LOW	orange
CLIP-1097.mov	360	LOW	orange
CLIP-1098.mov	240	VERY_LOW	red
CLIP-1099.mov	720	HIGH	green
CLIP-1100.mov	1080	VERY_HIGH	blue
CLIP-1101.mov	360	LOW	orange
CLIP-1102.mov	720	HIGH	green
CLIP-1103.mov	360	LOW	orange
CLIP-1104.mov	480	MED	yellow
CLIP-1105.mov	480	MED	yellow
CLIP-1106.mov	480	MED	yellow
CLIP-1107.mov	480	MED	yellow
CLIP-1108.mov	360	LOW	orange
CLIP-1109.mov	720	HIGH	green
CLIP-1110.mov	480	MED	yellow
CLIP-1111.mov	480	MED	yellow
CLIP-1112.mov	480	MED	yellow
CLIP-1113.mov	360	LOW	orange
CLIP-1114.mov	720	HIGH	green
CLIP-1115.mov	360	LOW	orange
CLIP-1116.mov	720	HIGH	green
CLIP-1117.mov	360	LOW	orange
CLIP-1118.mov	720	HIGH	green
CLIP-1119.mov	720	HIGH	green
CLIP-1120.mov	720	HIGH	green
CLIP-1121.mov	720	HIGH	green
CLIP-1122.mov	240	VERY_LOW	red
CLIP-1123.mov	240	VERY_LOW	red
CLIP-1124.mov	240	VERY_LOW	red
CLIP-1125.mov	360	LOW	orange
CLIP-1126.mov	240	VERY_LOW	red
CLIP-1127.mov	360	LOW	orange
CLIP-1128.mov	360	LOW	orange
CLIP-1129.mov	360	LOW	orange
CLIP-1130.mov	360	LOW	orange
CLIP-1131.mov	360	LOW	orange
CLIP-1132.mov	360	LOW	orange
CLIP-1133.mov	360	LOW	orange
CLIP-1134.mov	240	VERY_LOW	red
CLIP-1135.mov	360	LOW	orange
CLIP-1136.mov	360	LOW	orange
CLIP-1137.mov	240	VERY_LOW	red
CLIP-1138.mov	240	VERY_LOW	red
CLIP-1139.mov	1080	VERY_HIGH	blue
CLIP-1140.mov	1080	VERY_HIGH	blue
CLIP-1141.mov	480	MED	yellow
CLIP-1142.mov	480	MED	yellow
CLIP-1143.mov	360	LOW	orange
CLIP-1144.mov	480	MED	yellow
CLIP-1145.mov	240,720	VERY_LOW	green,red
CLIP-1146.mov	720	HIGH	green
CLIP-1147.mov	480	MED	yellow
CLIP-1148.mov	480	MED	yellow
CLIP-1149.mov	360	LOW	orange
CLIP-1150.mov	360,720	LOW	orange,green
CLIP-1151.mov	240	VERY_LOW	red
CLIP-1152.mov	360	LOW	orange
CLIP-1153.mov	240	VERY_LOW	red
CLIP-1154.mov	360	LOW	orange
CLIP-1155.mov	360	LOW	orange
CLIP-1156.mov	360	LOW	orange
CLIP-1157.mov	360	LOW	orange
CLIP-1158.mov	360	LOW	orange
CLIP-1159.mov	360	LOW	orange
CLIP-1160.mov	360	LOW	orange
CLIP-1161.mov	360	LOW	orange
CLIP-1162.mov	360	LOW	orange
CLIP-1163.mov	360	LOW	orange
CLIP-1164.mov	360	LOW	orange
CLIP-1165.mov	360	LOW	orange
CLIP-1166.mov	360	LOW	orange
CLIP-1167.mov	360	LOW	orange
CLIP-1168.mov	480	MED	yellow
CLIP-1169.mov	360	LOW	orange
CLIP-1170.mov	360	LOW	orange
CLIP-1171.mov	240	VERY_LOW	red
CLIP-1172.mov	360	LOW	orange
CLIP-1173.mov	240	VERY_LOW	red
CLIP-1174.mov	240	VERY_LOW	red
CLIP-1175.mov	240	VERY_LOW	red
CLIP-1176.mov	240	VERY_LOW	red
CLIP-1177.mov	240	VERY_LOW	red
CLIP-1178.mov	240	VERY_LOW	red
CLIP-1179.mov	240	VERY_LOW	red
CLIP-1180.mov	360	LOW	orange
CLIP-1181.mov	360,720	LOW	green,orange
CLIP-1182.mov	360	LOW	orange
CLIP-1183.mov	360	LOW	orange
CLIP-1184.mov	360	LOW	orange
CLIP-1185.mov	240	VERY_LOW	red
CLIP-1186.mov	360	LOW	orange
CLIP-1187.mov	360	LOW	orange
CLIP-1188.mov	360	LOW	orange
CLIP-1189.mov	360	LOW	orange
CLIP-1190.mov	360	LOW	orange
CLIP-1191.mov	360	LOW	orange
CLIP-1192.mov	360	LOW	orange
CLIP-1193.mov	360	LOW	orange
CLIP-1194.mov	360	LOW	orange
CLIP-1195.mov	360	LOW	orange
CLIP-1196.mov	480	MED	yellow
CLIP-1197.mov	360	LOW	orange
CLIP-1198.mov	360	LOW	orange
CLIP-1199.mov	360	LOW	orange
CLIP-1200.mov	360	LOW	orange
CLIP-1201.mov	720	HIGH	green
CLIP-1202.mov	480	MED	yellow
CLIP-1203.mov	1080	VERY_HIGH	blue
CLIP-1204.mov	1080	VERY_HIGH	blue
CLIP-1205.mov	480	MED	yellow
CLIP-1206.mov	360	LOW	orange
CLIP-1207.mov	360	LOW	orange
CLIP-1208.mov	360	LOW	orange
CLIP-1209.mov	360	LOW	orange
CLIP-1210.mov	720	HIGH	green
CLIP-1211.mov	720	HIGH	green
CLIP-1212.mov	720	HIGH	green
CLIP-1213.mov	360	LOW	orange
CLIP-1214.mov	360	LOW	orange
CLIP-1215.mov	360	LOW	orange
CLIP-1216.mov	240,360	VERY_LOW	orange,red
CLIP-1217.mov	240	VERY_LOW	red
CLIP-1218.mov	240	VERY_LOW	red
CLIP-1219.mov	240	VERY_LOW	red
CLIP-1220.mov	240	VERY_LOW	red
CLIP-1221.mov	240	VERY_LOW	red
CLIP-1222.mov	240	VERY_LOW	red
CLIP-1223.mov	240	VERY_LOW	red
CLIP-1224.mov	240	VERY_LOW	red
CLIP-1225.mov	240	VERY_LOW	red
CLIP-1226.mov	240	VERY_LOW	red
CLIP-1227.mov	240	VERY_LOW	red
CLIP-1228.mov	240	VERY_LOW	red
CLIP-1229.mov	240	VERY_LOW	red
CLIP-1230.mov	360	LOW	orange
CLIP-1231.mov	360	LOW	orange
CLIP-1232.mov	360	LOW	orange
CLIP-1233.mov	360	LOW	orange
CLIP-1234.mov	360	LOW	orange
CLIP-1235.mov	360	LOW	orange
CLIP-1236.mov	360	LOW	orange
CLIP-1237.mov	360	LOW	orange
CLIP-1238.mov	360	LOW	orange
CLIP-1239.mov	360	LOW	orange
CLIP-1240.mov	360	LOW	orange
CLIP-1241.mov	360	LOW	orange
CLIP-1242.mov	360	LOW	orange
CLIP-1243.mov	360	LOW	orange
CLIP-1244.mov	480	MED	yellow
CLIP-1245.mov	480	MED	yellow
CLIP-1246.mov	480	MED	yellow
CLIP-1247.mov	480	MED	yellow
CLIP-1248.mov	480	MED	yellow
CLIP-1249.mov	480	MED	yellow
CLIP-1250.mov	720	HIGH	green
CLIP-1251.mov	720	HIGH	green
CLIP-1252.mov	360	LOW	orange
CLIP-1253.mov	360	LOW	orange
CLIP-1254.mov	360	LOW	orange
CLIP-1255.mov	360	LOW	orange
CLIP-1256.mov	360	LOW	orange
CLIP-1257.mov	360	LOW	orange
CLIP-1258.mov	360	LOW	orange
CLIP-1259.mov	360	LOW	orange
CLIP-1260.mov	360	LOW	orange
CLIP-1261.mov	480	MED	yellow
CLIP-1262.mov	480	MED	yellow
CLIP-1263.mov	360	LOW	orange
CLIP-1264.mov	480	MED	yellow
CLIP-1265.mov	360	LOW	orange
CLIP-1266.mov	360	LOW	orange
CLIP-1267.mov	360	LOW	orange
CLIP-1268.mov	360	LOW	orange
CLIP-1269.mov	360	LOW	orange
CLIP-1270.mov	360	LOW	orange
CLIP-1271.mov	360	LOW	orange
CLIP-1272.mov	360	LOW	orange
CLIP-1273.mov	360	LOW	orange
CLIP-1274.mov	360	LOW	orange
CLIP-1275.mov	360	LOW	orange
CLIP-1276.mov	360	LOW	orange
CLIP-1277.mov	360	LOW	orange
CLIP-1278.mov	360	LOW	orange
CLIP-1279.mov	360	LOW	orange
CLIP-1280.mov	360	LOW	orange
CLIP-1281.mov	360	LOW	orange
CLIP-1282.mov	360	LOW	orange
CLIP-1283.mov	360	LOW	orange
CLIP-1284.mov	360	LOW	orange
CLIP-1285.mov	360	LOW	orange
CLIP-1286.mov	360	LOW	orange
CLIP-1287.mov	360	LOW	orange
CLIP-1288.mov	360	LOW	orange
CLIP-1289.mov	360	LOW	orange
CLIP-1290.mov	360	LOW	orange
CLIP-1291.mov	360	LOW	orange
CLIP-1292.mov	360	LOW	orange
CLIP-1293.mov	360	LOW	orange
CLIP-1294.mov	360	LOW	orange
CLIP-1295.mov	360	LOW	orange
CLIP-1296.mov	360	LOW	orange
CLIP-1297.mov	360	LOW	orange
CLIP-1298.mov	360	LOW	orange
CLIP-1299.mov	360	LOW	orange
CLIP-1300.mov	360	LOW	orange
CLIP-1301.mov	360	LOW	orange
CLIP-1302.mov	360	LOW	orange
CLIP-1303.mov	360	LOW	orange
CLIP-1304.mov	360	LOW	orange
CLIP-1305.mov	360	LOW	orange
CLIP-1306.mov	360	LOW	orange
CLIP-1307.mov	360	LOW	orange
CLIP-1308.mov	360	LOW	orange
CLIP-1309.mov	360	LOW	orange
CLIP-1310.mov	360	LOW	orange
CLIP-1311.mov	360	LOW	orange
CLIP-1312.mov	360	LOW	orange
CLIP-1313.mov	360	LOW	orange
CLIP-1314.mov	360	LOW	orange
CLIP-1315.mov	360	LOW	orange
CLIP-1316.mov	360	LOW	orange
CLIP-1317.mov	360	LOW	orange
CLIP-1318.mov	360	LOW	orange
CLIP-1319.mov	360	LOW	orange
CLIP-1320.mov	360	LOW	orange
CLIP-1321.mov	360	LOW	orange
CLIP-1322.mov	360	LOW	orange
CLIP-1323.mov	360	LOW	orange
CLIP-1324.mov	360	LOW	orange
CLIP-1325.mov	1080	VERY_HIGH	blue
CLIP-1326.mov	360	LOW	orange
CLIP-1327.mov	360	LOW	orange
CLIP-1328.mov	480	MED	yellow
CLIP-1329.mov	1080	VERY_HIGH	blue
CLIP-1330.mov	1080	VERY_HIGH	blue
CLIP-1331.mov	720	HIGH	green
CLIP-1332.mov	360	LOW	orange
CLIP-1333.mov	360	LOW	orange
CLIP-1334.mov	360	LOW	orange
CLIP-1335.mov	720	HIGH	green
CLIP-1336.mov	480	MED	yellow
CLIP-1337.mov	480	MED	yellow
CLIP-1338.mov	480	MED	yellow
CLIP-1339.mov	480	MED	yellow
CLIP-1340.mov	360	LOW	orange
CLIP-1341.mov	360	LOW	orange
CLIP-1342.mov	360,480	LOW	orange,yellow
CLIP-1343.mov	480	MED	yellow
CLIP-1344.mov	360	LOW	orange
CLIP-1345.mov	360	LOW	orange
CLIP-1346.mov	720	HIGH	green
CLIP-1347.mov	480	MED	yellow
CLIP-1348.mov	360	LOW	orange
CLIP-1349.mov	360	LOW	orange
CLIP-1350.mov	360	LOW	orange
CLIP-1351.mov	360	LOW	orange
CLIP-1352.mov	360	LOW	orange
CLIP-1353.mov	360	LOW	orange
CLIP-1354.mov	360	LOW	orange
CLIP-1355.mov	480	MED	yellow
CLIP-1356.mov	1080	VERY_HIGH	blue
CLIP-1357.mov	1080	VERY_HIGH	blue
CLIP-1358.mov	720	HIGH	green
CLIP-1359.mov	480	MED	yellow
CLIP-1360.mov	480	MED	yellow
CLIP-1361.mov	480	MED	yellow
CLIP-1362.mov	480	MED	yellow
CLIP-1363.mov	480	MED	yellow
CLIP-1364.mov	480	MED	yellow
CLIP-1365.mov	480	MED	yellow
CLIP-1366.mov	480	MED	yellow
CLIP-1367.mov	360	LOW	orange
CLIP-1368.mov	480	MED	yellow
CLIP-1369.mov	720	HIGH	green
CLIP-1370.mov	480	MED	yellow
CLIP-1371.mov	480	MED	yellow
CLIP-1372.mov	480	MED	yellow
CLIP-1373.mov	480	MED	yellow
CLIP-1374.mov	360	LOW	orange
CLIP-1375.mov	480	MED	yellow
CLIP-1376.mov	360	LOW	orange
CLIP-1377.mov	360	LOW	orange
CLIP-1378.mov	360	LOW	orange
CLIP-1379.mov	360	LOW	orange
CLIP-1380.mov	360	LOW	orange
CLIP-1381.mov	480	MED	yellow
CLIP-1382.mov	480	MED	yellow
CLIP-1383.mov	360	LOW	orange
CLIP-1384.mov	360	LOW	orange
CLIP-1385.mov	360	LOW	orange
CLIP-1386.mov	360	LOW	orange
CLIP-1387.mov	480	MED	yellow
CLIP-1388.mov	360	LOW	orange
CLIP-1389.mov	360	LOW	orange
CLIP-1390.mov	480	MED	yellow
CLIP-1391.mov	480	MED	yellow
CLIP-1392.mov	480	MED	yellow
CLIP-1393.mov	480	MED	yellow
CLIP-1394.mov	480	MED	yellow
CLIP-1395.mov	360	LOW	orange
CLIP-1396.mov	360	LOW	orange
CLIP-1397.mov	480	MED	yellow
CLIP-1398.mov	360	LOW	orange
CLIP-1399.mov	360	LOW	orange
CLIP-1400.mov	360	LOW	orange
CLIP-1401.mov	480	MED	yellow
CLIP-1402.mov	480	MED	yellow
CLIP-1403.mov	480	MED	yellow
CLIP-1404.mov	480	MED	yellow
CLIP-1405.mov	480	MED	yellow
CLIP-1406.mov	360,480	LOW	orange,yellow
CLIP-1407.mov	360	LOW	orange
CLIP-1408.mov	480	MED	yellow
CLIP-1409.mov	480	MED	yellow
CLIP-1410.mov	480	MED	yellow
CLIP-1411.mov	480	MED	yellow
CLIP-1412.mov	480	MED	yellow
CLIP-1413.mov	480	MED	yellow
CLIP-1414.mov	480	MED	yellow
CLIP-1415.mov	360	LOW	orange
CLIP-1416.mov	480	MED	yellow
CLIP-1417.mov	360	LOW	orange
CLIP-1418.mov	480	MED	yellow
CLIP-1419.mov	360	LOW	orange
CLIP-1420.mov	360	LOW	orange
CLIP-1421.mov	480	MED	yellow
CLIP-1422.mov	480	MED	yellow
CLIP-1423.mov	480	MED	yellow
CLIP-1424.mov	480	MED	yellow
CLIP-1425.mov	480	MED	yellow
CLIP-1426.mov	480	MED	yellow
CLIP-1427.mov	360	LOW	orange
CLIP-1428.mov	360	LOW	orange
CLIP-1429.mov	360	LOW	orange
CLIP-1430.mov	360	LOW	orange
CLIP-1431.mov	360	LOW	orange
CLIP-1432.mov	480	MED	yellow
CLIP-1433.mov	360	LOW	orange
CLIP-1434.mov	480	MED	yellow
CLIP-1435.mov	480	MED	yellow
CLIP-1436.mov	480	MED	yellow
CLIP-1437.mov	480	MED	yellow
CLIP-1438.mov	480	MED	yellow
CLIP-1439.mov	480	MED	yellow
CLIP-1440.mov	480	MED	yellow
CLIP-1441.mov	480	MED	yellow
CLIP-1442.mov	480	MED	yellow
CLIP-1443.mov	480	MED	yellow
CLIP-1444.mov	480	MED	yellow
CLIP-1445.mov	360	LOW	orange
CLIP-1446.mov	480	MED	yellow
CLIP-1447.mov	480	MED	yellow
CLIP-1448.mov	480	MED	yellow
CLIP-1449.mov	480	MED	yellow
CLIP-1450.mov	480	MED	yellow
CLIP-1451.mov	480	MED	yellow
CLIP-1452.mov	480	MED	yellow
CLIP-1453.mov	480	MED	yellow
CLIP-1454.mov	480	MED	yellow
CLIP-1455.mov	480	MED	yellow
CLIP-1456.mov	480	MED	yellow
CLIP-1457.mov	480	MED	yellow
CLIP-1458.mov	480	MED	yellow
CLIP-1459.mov	480	MED	yellow
CLIP-1460.mov	480	MED	yellow
CLIP-1461.mov	360	LOW	orange
CLIP-1462.mov	480	MED	yellow
CLIP-1463.mov	360	LOW	orange
CLIP-1464.mov	480	MED	yellow
CLIP-1465.mov	480	MED	yellow
CLIP-1466.mov	480	MED	yellow
CLIP-1467.mov	480	MED	yellow
CLIP-1468.mov	480	MED	yellow
CLIP-1469.mov	480	MED	yellow
CLIP-1470.mov	360	LOW	orange
CLIP-1471.mov	360	LOW	orange
CLIP-1472.mov	360	LOW	orange
CLIP-1473.mov	480	MED	yellow
CLIP-1474.mov	480	MED	yellow
CLIP-1475.mov	480	MED	yellow
CLIP-1476.mov	480	MED	yellow
CLIP-1477.mov	480	MED	yellow
CLIP-1478.mov	480	MED	yellow
CLIP-1479.mov	480	MED	yellow
CLIP-1480.mov	480	MED	yellow
CLIP-1481.mov	480	MED	yellow
CLIP-1482.mov	480	MED	yellow
CLIP-1483.mov	480	MED	yellow
CLIP-1484.mov	480	MED	yellow
CLIP-1485.mov	480	MED	yellow
CLIP-1486.mov	480	MED	yellow
CLIP-1487.mov	360	LOW	orange
CLIP-1488.mov	480	MED	yellow
CLIP-1489.mov	480,1080	MED	blue,yellow
CLIP-1490.mov	480	MED	yellow
CLIP-1491.mov	480	MED	yellow
CLIP-1492.mov	480	MED	yellow
CLIP-1493.mov	480	MED	yellow
CLIP-1494.mov	480	MED	yellow
CLIP-1495.mov	480	MED	yellow
CLIP-1496.mov	480	MED	yellow
CLIP-1497.mov	480	MED	yellow
CLIP-1498.mov	480	MED	yellow
CLIP-1499.mov	480	MED	yellow
CLIP-1500.mov	480	MED	yellow
CLIP-1501.mov	480	MED	yellow
CLIP-1502.mov	480	MED	yellow
CLIP-1503.mov	480	MED	yellow
CLIP-1504.mov	480	MED	yellow
CLIP-1505.mov	480	MED	yellow
CLIP-1506.mov	480	MED	yellow
CLIP-1507.mov	480	MED	yellow
CLIP-1508.mov	360	LOW	orange
CLIP-1509.mov	360	LOW	orange
CLIP-1510.mov	240	VERY_LOW	red
CLIP-1511.mov	240	VERY_LOW	red
CLIP-1512.mov	480	MED	yellow
CLIP-1513.mov	480	MED	yellow
CLIP-1514.mov	360	LOW	orange
CLIP-1515.mov	360	LOW	orange
CLIP-1516.mov	360	LOW	orange
CLIP-1517.mov	360	LOW	orange
CLIP-1518.mov	360	LOW	orange
CLIP-1519.mov	360	LOW	orange
CLIP-1520.mov	360	LOW	orange
CLIP-1521.mov	360	LOW	orange
CLIP-1522.mov	240	VERY_LOW	red
CLIP-1523.mov	360	LOW	orange
CLIP-1524.mov	360	LOW	orange
CLIP-1525.mov	360	LOW	orange
CLIP-1526.mov	480	MED	yellow
CLIP-1527.mov	360	LOW	orange
CLIP-1528.mov	1080	VERY_HIGH	blue
CLIP-1529.mov	480	MED	yellow
CLIP-1530.mov	360	LOW	orange
CLIP-1531.mov	720	HIGH	green
CLIP-1532.mov	360	LOW	orange
CLIP-1533.mov	360	LOW	orange
CLIP-1534.mov	1080	VERY_HIGH	blue
CLIP-1535.mov	360	LOW	orange
CLIP-1536.mov	360	LOW	orange
CLIP-1537.mov	360	LOW	orange
CLIP-1538.mov	360	LOW	orange
CLIP-1539.mov	360	LOW	orange
CLIP-1540.mov	360	LOW	orange
CLIP-1541.mov	360	LOW	orange
CLIP-1542.mov	360	LOW	orange
CLIP-1543.mov	360	LOW	orange
CLIP-1544.mov	360	LOW	orange
CLIP-1545.mov	720	HIGH	green
CLIP-1546.mov	240	VERY_LOW	red
CLIP-1547.mov	240	VERY_LOW	red
CLIP-1548.mov	360	LOW	orange
CLIP-1549.mov	360	LOW	orange
CLIP-1550.mov	360	LOW	orange
CLIP-1551.mov	360	LOW	orange
CLIP-1552.mov	360	LOW	orange
CLIP-1553.mov	360	LOW	orange
CLIP-1554.mov	360	LOW	orange
CLIP-1555.mov	360	LOW	orange
CLIP-1556.mov	360	LOW	orange
CLIP-1557.mov	360	LOW	orange
CLIP-1558.mov	360	LOW	orange
CLIP-1559.mov	360	LOW	orange
CLIP-1560.mov	360	LOW	orange
CLIP-1561.mov	360	LOW	orange
CLIP-1562.mov	360	LOW	orange
CLIP-1563.mov	360	LOW	orange
CLIP-1564.mov	360	LOW	orange
CLIP-1565.mov	360	LOW	orange
CLIP-1566.mov	360	LOW	orange
CLIP-1567.mov	360	LOW	orange
CLIP-1568.mov	360	LOW	orange
CLIP-1569.mov	360	LOW	orange
CLIP-1570.mov	360	LOW	orange
CLIP-1571.mov	360	LOW	orange
CLIP-1572.mov	360	LOW	orange
CLIP-1573.mov	360	LOW	orange
CLIP-1574.mov	360	LOW	orange
CLIP-1575.mov	360	LOW	orange
CLIP-1576.mov	360	LOW	orange
CLIP-1577.mov	360	LOW	orange
CLIP-1578.mov	360	LOW	orange
CLIP-1579.mov	360	LOW	orange
CLIP-1580.mov	360	LOW	orange
CLIP-1581.mov	360	LOW	orange
CLIP-1582.mov	360	LOW	orange
CLIP-1583.mov	360	LOW	orange
CLIP-1584.mov	360	LOW	orange
CLIP-1585.mov	360	LOW	orange
CLIP-1586.mov	360	LOW	orange
CLIP-1587.mov	360	LOW	orange
CLIP-1588.mov	360	LOW	orange
CLIP-1589.mov	360	LOW	orange
CLIP-1590.mov	360	LOW	orange
CLIP-1591.mov	360	LOW	orange
CLIP-1592.mov	360	LOW	orange
CLIP-1593.mov	360	LOW	orange
CLIP-1594.mov	360	LOW	orange
CLIP-1595.mov	360	LOW	orange
CLIP-1596.mov	360	LOW	orange
CLIP-1597.mov	360	LOW	orange
CLIP-1598.mov	360	LOW	orange
CLIP-1599.mov	360	LOW	orange
CLIP-1600.mov	480	MED	yellow
CLIP-1601.mov	480	MED	yellow
CLIP-1602.mov	360	LOW	orange
CLIP-1603.mov	360	LOW	orange
CLIP-1604.mov	360	LOW	orange
CLIP-1605.mov	360	LOW	orange
CLIP-1606.mov	360	LOW	orange
CLIP-1607.mov	360	LOW	orange
CLIP-1608.mov	360	LOW	orange
CLIP-1609.mov	360	LOW	orange
CLIP-1610.mov	360	LOW	orange
CLIP-1611.mov	360	LOW	orange
CLIP-1612.mov	360	LOW	orange
CLIP-1613.mov	360	LOW	orange
CLIP-1614.mov	360	LOW	orange
CLIP-1615.mov	360	LOW	orange
CLIP-1616.mov	360	LOW	orange
CLIP-1617.mov	360	LOW	orange
CLIP-1618.mov	360	LOW	orange
CLIP-1619.mov	360	LOW	orange
CLIP-1620.mov	360	LOW	orange
CLIP-1621.mov	360	LOW	orange
CLIP-1622.mov	480	MED	yellow
CLIP-1623.mov	360	LOW	orange
CLIP-1624.mov	360	LOW	orange
CLIP-1625.mov	360	LOW	orange
CLIP-1626.mov	360	LOW	orange
CLIP-1627.mov	360	LOW	orange
CLIP-1628.mov	360	LOW	orange
CLIP-1629.mov	360	LOW	orange
CLIP-1630.mov	360	LOW	orange
CLIP-1631.mov	360	LOW	orange
CLIP-1632.mov	720	HIGH	green
CLIP-1633.mov	1080	VERY_HIGH	blue
CLIP-1634.mov	360	LOW	orange
CLIP-1635.mov	360	LOW	orange
CLIP-1636.mov	360	LOW	orange
CLIP-1637.mov	720	HIGH	green
CLIP-1638.mov	360	LOW	orange
CLIP-1639.mov	360	LOW	orange
CLIP-1640.mov	360	LOW	orange
CLIP-1641.mov	720	HIGH	green
CLIP-1642.mov	360	LOW	orange
CLIP-1643.mov	360	LOW	orange
CLIP-1644.mov	360	LOW	orange
CLIP-1645.mov	360	LOW	orange
CLIP-1646.mov	360	LOW	orange
CLIP-1647.mov	360	LOW	orange
CLIP-1648.mov	360	LOW	orange
CLIP-1649.mov	360	LOW	orange
CLIP-1650.mov	360	LOW	orange
CLIP-1651.mov	360	LOW	orange
CLIP-1652.mov	360	LOW	orange
CLIP-1653.mov	360	LOW	orange
CLIP-1654.mov	360	LOW	orange
CLIP-1655.mov	360	LOW	orange
CLIP-1656.mov	360	LOW	orange
CLIP-1657.mov	360	LOW	orange
CLIP-1658.mov	360	LOW	orange
CLIP-1659.mov	360	LOW	orange
CLIP-1660.mov	480	MED	yellow
CLIP-1661.mov	480	MED	yellow
CLIP-1662.mov	480	MED	yellow
CLIP-1663.mov	480	MED	yellow
CLIP-1664.mov	360	LOW	orange
CLIP-1665.mov	720	HIGH	green
CLIP-1666.mov	480	MED	yellow
CLIP-1667.mov	480	MED	yellow
CLIP-1668.mov	480	MED	yellow
CLIP-1669.mov	480	MED	yellow
CLIP-1670.mov	480	MED	yellow
CLIP-1671.mov	480	MED	yellow
CLIP-1672.mov	480	MED	yellow
CLIP-1673.mov	480	MED	yellow
CLIP-1674.mov	480	MED	yellow
CLIP-1675.mov	480	MED	yellow
CLIP-1676.mov	240	VERY_LOW	red
CLIP-1677.mov	360	LOW	orange
CLIP-1678.mov	360	LOW	orange
CLIP-1679.mov	360	LOW	orange
CLIP-1680.mov	360	LOW	orange
CLIP-1681.mov	360	LOW	orange
CLIP-1682.mov	360	LOW	orange
CLIP-1683.mov	240	VERY_LOW	red
CLIP-1684.mov	360	LOW	orange
CLIP-1685.mov	360	LOW	orange
CLIP-1686.mov	360	LOW	orange
CLIP-1687.mov	360	LOW	orange
CLIP-1688.mov	480	MED	yellow
CLIP-1689.mov	480	MED	yellow
CLIP-1690.mov	480	MED	yellow
CLIP-1691.mov	480	MED	yellow
CLIP-1692.mov	480	MED	yellow
CLIP-1693.mov	720	HIGH	green
CLIP-1694.mov	360	LOW	orange
CLIP-1695.mov	720	HIGH	green
CLIP-1696.mov	360	LOW	orange
CLIP-1697.mov	240	VERY_LOW	red
CLIP-1698.mov	240	VERY_LOW	red
CLIP-1699.mov	240	VERY_LOW	red
CLIP-1700.mov	240	VERY_LOW	red
CLIP-1701.mov	240	VERY_LOW	red
CLIP-1702.mov	240	VERY_LOW	red
CLIP-1703.mov	240	VERY_LOW	red
CLIP-1704.mov	240	VERY_LOW	red
CLIP-1705.mov	360	LOW	orange
CLIP-1706.mov	360	LOW	orange
CLIP-1707.mov	360	LOW	orange
CLIP-1708.mov	360	LOW	orange
CLIP-1709.mov	360	LOW	orange
CLIP-1710.mov	360	LOW	orange
CLIP-1711.mov	360	LOW	orange
CLIP-1712.mov	240	VERY_LOW	red
CLIP-1713.mov	360	LOW	orange
CLIP-1714.mov	480	MED	yellow
CLIP-1715.mov	360	LOW	orange
CLIP-1716.mov	480	MED	yellow
CLIP-1717.mov	360	LOW	orange
CLIP-1718.mov	360	LOW	orange
CLIP-1719.mov	360	LOW	orange
CLIP-1720.mov	360	LOW	orange
CLIP-1721.mov	360	LOW	orange
CLIP-1722.mov	480	MED	yellow
CLIP-1723.mov	1080	VERY_HIGH	blue
CLIP-1724.mov	360	LOW	orange
CLIP-1725.mov	360	LOW	orange
CLIP-1726.mov	360	LOW	orange
CLIP-1727.mov	1080	VERY_HIGH	blue
CLIP-1728.mov	720	HIGH	green
CLIP-1729.mov	720	HIGH	green
CLIP-1730.mov	1080	VERY_HIGH	blue
CLIP-1731.mov	360	LOW	orange
CLIP-1732.mov	240	VERY_LOW	red
CLIP-1733.mov	240	VERY_LOW	red
CLIP-1734.mov	240	VERY_LOW	red
CLIP-1735.mov	360	LOW	orange
CLIP-1736.mov	360	LOW	orange
CLIP-1737.mov	480	MED	yellow
CLIP-1738.mov	360	LOW	orange
CLIP-1739.mov	240	VERY_LOW	red
CLIP-1740.mov	240	VERY_LOW	red
CLIP-1741.mov	240	VERY_LOW	red
CLIP-1742.mov	240	VERY_LOW	red
CLIP-1743.mov	240	VERY_LOW	red
CLIP-1744.mov	480	MED	yellow
CLIP-1745.mov	480	MED	yellow
CLIP-1746.mov	480,1080	MED	blue,yellow
CLIP-1747.mov	360	LOW	orange
CLIP-1748.mov	480	MED	yellow
CLIP-1749.mov	480	MED	yellow
CLIP-1750.mov	480	MED	yellow
CLIP-1751.mov	480	MED	yellow
CLIP-1752.mov	480	MED	yellow
CLIP-1753.mov	480	MED	yellow
CLIP-1754.mov	480	MED	yellow
CLIP-1755.mov	480	MED	yellow
CLIP-1756.mov	480	MED	yellow
CLIP-1757.mov	480	MED	yellow
CLIP-1758.mov	480	MED	yellow
CLIP-1759.mov	480	MED	yellow
CLIP-1760.mov	480	MED	yellow
CLIP-1761.mov	480	MED	yellow
CLIP-1762.mov	480	MED	yellow
CLIP-1763.mov	480	MED	yellow
CLIP-1764.mov	480	MED	yellow
CLIP-1765.mov	480	MED	yellow
CLIP-1766.mov	360	LOW	orange
CLIP-1767.mov	360	LOW	orange
CLIP-1768.mov	480	MED	yellow
CLIP-1769.mov	360	LOW	orange
CLIP-1770.mov	480	MED	yellow
CLIP-1771.mov	360	LOW	orange
CLIP-1772.mov	360	LOW	orange
CLIP-1773.mov	720	HIGH	green
CLIP-1774.mov	360	LOW	orange
CLIP-1775.mov	1080	VERY_HIGH	blue
CLIP-1776.mov	360	LOW	orange
CLIP-1777.mov	720	HIGH	green
CLIP-1778.mov	480	MED	yellow
CLIP-1779.mov	360	LOW	orange
CLIP-1780.mov	360	LOW	orange
CLIP-1781.mov	360	LOW	orange
CLIP-1782.mov	360	LOW	orange
CLIP-1783.mov	360	LOW	orange
CLIP-1784.mov	360	LOW	orange
CLIP-1785.mov	360	LOW	orange
CLIP-1786.mov	360	LOW	orange
CLIP-1787.mov	360	LOW	orange
CLIP-1788.mov	360	LOW	orange
CLIP-1789.mov	480	MED	yellow
CLIP-1790.mov	240	VERY_LOW	red
CLIP-1791.mov	240	VERY_LOW	red
CLIP-1792.mov	360	LOW	orange
CLIP-1793.mov	360	LOW	orange
CLIP-1794.mov	240	VERY_LOW	red
CLIP-1795.mov	480	MED	yellow
CLIP-1796.mov	720	HIGH	green
CLIP-1797.mov	720	HIGH	green
CLIP-1798.mov	720	HIGH	green
CLIP-1799.mov	720	HIGH	green
CLIP-1800.mov	720	HIGH	green
CLIP-1801.mov	720	HIGH	green
CLIP-1802.mov	720	HIGH	green
CLIP-1803.mov	720	HIGH	green
CLIP-1804.mov	720	HIGH	green
CLIP-1805.mov	720	HIGH	green
CLIP-1806.mov	480	MED	yellow
CLIP-1807.mov	480	MED	yellow
CLIP-1808.mov	360	LOW	orange
CLIP-1809.mov	360	LOW	orange
CLIP-1810.mov	360	LOW	orange
CLIP-1811.mov	240	VERY_LOW	red
CLIP-1812.mov	240	VERY_LOW	red
CLIP-1813.mov	360	LOW	orange
CLIP-1814.mov	360	LOW	orange
CLIP-1815.mov	360	LOW	orange
CLIP-1816.mov	360	LOW	orange
CLIP-1817.mov	360	LOW	orange
CLIP-1818.mov	360	LOW	orange
CLIP-1819.mov	360	LOW	orange
CLIP-1820.mov	360	LOW	orange
CLIP-1821.mov	360	LOW	orange
CLIP-1822.mov	360	LOW	orange
CLIP-1823.mov	360	LOW	orange
CLIP-1824.mov	240,360	VERY_LOW	orange,red
CLIP-1825.mov	240	VERY_LOW	red
CLIP-1826.mov	360	LOW	orange
CLIP-1827.mov	240	VERY_LOW	red
CLIP-1828.mov	360	LOW	orange
CLIP-1829.mov	360	LOW	orange
CLIP-1830.mov	360	LOW	orange
CLIP-1831.mov	360	LOW	orange
CLIP-1832.mov	360	LOW	orange
CLIP-1833.mov	360	LOW	orange
CLIP-1834.mov	360	LOW	orange
CLIP-1835.mov	360	LOW	orange
CLIP-1836.mov	360	LOW	orange
CLIP-1837.mov	360	LOW	orange
CLIP-1838.mov	360,1080	LOW	blue,orange
CLIP-1839.mov	360	LOW	orange
CLIP-1840.mov	360	LOW	orange
CLIP-1841.mov	1080	VERY_HIGH	blue
CLIP-1842.mov	360	LOW	orange
CLIP-1843.mov	240	VERY_LOW	red
CLIP-1844.mov	360	LOW	orange
CLIP-1845.mov	480	MED	yellow
CLIP-1846.mov	360	LOW	orange
CLIP-1847.mov	720	HIGH	green
CLIP-1848.mov	360	LOW	orange
CLIP-1849.mov	360	LOW	orange
CLIP-1850.mov	720	HIGH	green
CLIP-1851.mov	360	LOW	orange
CLIP-1852.mov	360	LOW	orange
CLIP-1853.mov	360	LOW	orange
CLIP-1854.mov	720	HIGH	green
CLIP-1855.mov	1080	VERY_HIGH	blue
CLIP-1856.mov	720	HIGH	green
CLIP-1857.mov	240	VERY_LOW	red
CLIP-1858.mov	720	HIGH	green
CLIP-1859.mov	360	LOW	orange
CLIP-1860.mov	240	VERY_LOW	red
CLIP-1861.mov	480	MED	yellow
CLIP-1862.mov	240	VERY_LOW	red
CLIP-1863.mov	1080	VERY_HIGH	blue
CLIP-1864.mov	360	LOW	orange
CLIP-1865.mov	480	MED	yellow
CLIP-1866.mov	480	MED	yellow
CLIP-1867.mov	480	MED	yellow
CLIP-1868.mov	480	MED	yellow
CLIP-1869.mov	240	VERY_LOW	red
CLIP-1870.mov	720	HIGH	green
CLIP-1871.mov	360	LOW	orange
CLIP-1872.mov	1080	VERY_HIGH	blue
CLIP-1873.mov	1080	VERY_HIGH	blue
CLIP-1874.mov	360	LOW	orange
CLIP-1875.mov	360	LOW	orange
CLIP-1876.mov	360	LOW	orange
CLIP-1877.mov	360	LOW	orange
CLIP-1878.mov	360	LOW	orange
CLIP-1879.mov	360	LOW	orange
CLIP-1880.mov	480	MED	yellow
CLIP-1881.mov	360	LOW	orange
CLIP-1882.mov	240	VERY_LOW	red
CLIP-1883.mov	480	MED	yellow
CLIP-1884.mov	480	MED	yellow
CLIP-1885.mov	480	MED	yellow
CLIP-1886.mov	480	MED	yellow
CLIP-1887.mov	360	LOW	orange
CLIP-1888.mov	360	LOW	orange
CLIP-1889.mov	360	LOW	orange
CLIP-1890.mov	480,1080	MED	blue,yellow
CLIP-1891.mov	480	MED	yellow
CLIP-1892.mov	480	MED	yellow
CLIP-1893.mov	480	MED	yellow
CLIP-1894.mov	480	MED	yellow
CLIP-1895.mov	480	MED	yellow
CLIP-1896.mov	480	MED	yellow
CLIP-1897.mov	480	MED	yellow
CLIP-1898.mov	1080	VERY_HIGH	blue
CLIP-1899.mov	480,1080	MED	blue,yellow
CLIP-1900.mov	360	LOW	orange
CLIP-1901.mov	480	MED	yellow
CLIP-1902.mov	360	LOW	orange
CLIP-1903.mov	480	MED	yellow
CLIP-1904.mov	1080	VERY_HIGH	blue
CLIP-1905.mov	1080	VERY_HIGH	blue
CLIP-1906.mov	480,720	VERY_HIGH	blue
CLIP-1907.mov	1080	VERY_HIGH	blue
CLIP-1908.mov	480	MED	yellow
CLIP-1909.mov	480	MED	yellow
CLIP-1910.mov	360	LOW	orange
CLIP-1911.mov	360	LOW	orange
CLIP-1912.mov	360	LOW	orange
CLIP-1913.mov	360	LOW	orange
CLIP-1914.mov	480	MED	yellow
CLIP-1915.mov	360	LOW	orange
CLIP-1916.mov	480	MED	yellow
CLIP-1917.mov	480	MED	yellow
CLIP-1918.mov	480	MED	yellow
CLIP-1919.mov	480	MED	yellow
CLIP-1920.mov	480	MED	yellow
CLIP-1921.mov	480	MED	yellow
CLIP-1922.mov	360	LOW	orange
CLIP-1923.mov	480	MED	yellow
CLIP-1924.mov	360	LOW	orange
CLIP-1925.mov	480	MED	yellow
CLIP-1926.mov	480	MED	yellow
CLIP-1927.mov	360	LOW	orange
CLIP-1928.mov	360	LOW	orange
CLIP-1929.mov	360	LOW	orange
CLIP-1930.mov	360	LOW	orange
CLIP-1931.mov	720	HIGH	green
CLIP-1932.mov	720	HIGH	green
CLIP-1933.mov	480	MED	yellow
CLIP-1934.mov	480	MED	yellow
CLIP-1935.mov	720	HIGH	green
CLIP-1936.mov	480	MED	yellow
CLIP-1937.mov	720	HIGH	green
CLIP-1938.mov	720	HIGH	green
CLIP-1939.mov	480	MED	yellow
CLIP-1940.mov	720	HIGH	green
CLIP-1941.mov	720	HIGH	green
CLIP-1942.mov	720	HIGH	green
CLIP-1943.mov	480	MED	yellow
CLIP-1944.mov	360	LOW	orange
CLIP-1945.mov	720	HIGH	green
CLIP-1946.mov	480	MED	yellow
CLIP-1947.mov	480	MED	yellow
CLIP-1948.mov	360	LOW	orange
CLIP-1949.mov	360	LOW	orange
CLIP-1950.mov	1080	VERY_HIGH	blue
CLIP-1951.mov	360	LOW	orange
CLIP-1952.mov	480	MED	yellow
CLIP-1953.mov	480	MED	yellow
CLIP-1954.mov	1080	VERY_HIGH	blue
CLIP-1955.mov	480	MED	yellow
CLIP-1956.mov	360	LOW	orange
CLIP-1957.mov	360	LOW	orange
CLIP-1958.mov	360	LOW	orange
CLIP-1959.mov	360	LOW	orange
CLIP-1960.mov	360	LOW	orange
CLIP-1961.mov	360	LOW	orange
CLIP-1962.mov	360	LOW	orange
CLIP-1963.mov	360	LOW	orange
CLIP-1964.mov	360	LOW	orange
CLIP-1965.mov	360	LOW	orange
CLIP-1966.mov	360	LOW	orange
CLIP-1967.mov	360	LOW	orange
CLIP-1968.mov	360	LOW	orange
CLIP-1969.mov	360	LOW	orange
CLIP-1970.mov	480	MED	yellow
CLIP-1971.mov	480	MED	yellow
